Workbook

Sheet Özet
A1: KKB trendlerine göre riskli kitle
A2: Puanlama tarihi: son KKB sorgusu (25.09.2026). Her müşteri kendi normaline göre değerlendirildi; yalnızca bankacılık açısından olumsuz yöndeki sapmalar sayıldı.
A4: Kademe | B4: Müşteri sayısı | C4: Bizim risk (TL) | D4: Olasılıkla ağırlıklı risk (TL) | E4: Önerilen aksiyon
A5: Yüksek | B5: =COUNTIF('Riskli Kitle'!$H:$H,A5) | C5: =SUMIF('Riskli Kitle'!$H:$H,A5,'Riskli Kitle'!$K:$K) | D5: =SUMIF('Riskli Kitle'!$H:$H,A5,'Riskli Kitle'!$L:$L) | E5: 1 hafta içinde ilişki yöneticisi ziyareti; limit artışı dondurulur; teminat gözden geçirilir
A6: Orta | B6: =COUNTIF('Riskli Kitle'!$H:$H,A6) | C6: =SUMIF('Riskli Kitle'!$H:$H,A6,'Riskli Kitle'!$K:$K) | D6: =SUMIF('Riskli Kitle'!$H:$H,A6,'Riskli Kitle'!$L:$L) | E6: 2 hafta içinde analist incelemesi; yeni limit kararı kredi komitesine
A7: İzleme | B7: =COUNTIF('Riskli Kitle'!$H:$H,A7) | C7: =SUMIF('Riskli Kitle'!$H:$H,A7,'Riskli Kitle'!$K:$K) | D7: =SUMIF('Riskli Kitle'!$H:$H,A7,'Riskli Kitle'!$L:$L) | E7: Aylık izleme listesine alınır; bir sonraki KKB sorgusu öne çekilir
A8: Toplam | B8: =SUM(B5:B7) | C8: =SUM(C5:C7) | D8: =SUM(D5:D7)
A10: Zaten gecikmede / takipte | B10: =COUNTA('Zaten Gecikmede'!B:B)-1 | C10: Bu müşteriler listede değil; ayrı sekmede. Riskli kitle, henüz bozulmamış müşterileri gösterir.
A12: Nasıl okunur
A13: • Olumsuz sonuç olasılığı: müşterinin önümüzdeki 12 ayda başka bir bankada gecikmeye veya takibe düşme olasılığı tahmini.
A14: • Kaç katı: bu olasılığın portföy ortalamasına oranı. Kademeler bu orana göre verilir (Yüksek ≥ 10x, Orta ≥ 5x, İzleme ≥ 3x).
A15: • Neden 1 ve 2: olasılığı en çok yükselten iki sapma; müşterinin normali ve bugünkü değeriyle.
A16: • Olasılıkla ağırlıklı risk: olasılık × bizim risk. Aynı kademede önceliği bu sütuna göre verin.

Sheet Riskli Kitle
A1: Sıra | B1: Müşteri | C1: VKN | D1: Segment | E1: Sektör | F1: Bölge | G1: Portföy Yön. | H1: Kademe | I1: Olumsuz sonuç olasılığı (12 ay) | J1: Portföy ortalamasının kaç katı | K1: Bizim risk (TL) | L1: Olasılıkla ağırlıklı risk (TL) | M1: Neden 1 | N1: Neden 2 | O1: Önerilen aksiyon | P1: Son KKB sorgusu
A2: 1 | B2: Müşteri 0521 A.Ş. | C2: 9136163415 | D2: KOBI | E2: İmalat | F2: İç Anadolu | G2: PY033 | H2: Yüksek | I2: 0.98687116 | J2: =I2/'Yöntem'!$C$6 | K2: 1371843 | L2: =I2*K2 | M2: KKB notu: normali 1598, şimdi 1332 | N2: Karşılıksız çek: normali 0, şimdi 1 | O2: 1 hafta içinde ilişki yöneticisi ziyareti; limit artışı dondurulur; teminat gözden geçirilir | P2: 46234
A3: 2 | B3: Müşteri 0579 A.Ş. | C3: 9684535692 | D3: Ticari | E3: İmalat | F3: İç Anadolu | G3: PY033 | H3: Yüksek | I3: 0.98311418 | J3: =I3/'Yöntem'!$C$6 | K3: 17544513 | L3: =I3*K3 | M3: KKB notu: normali 1654, şimdi 1411 | N3: Karşılıksız çek: normali 0, şimdi 3 | O3: 1 hafta içinde ilişki yöneticisi ziyareti; limit artışı dondurulur; teminat gözden geçirilir | P3: 46184
A4: 3 | B4: Müşteri 0003 A.Ş. | C4: 9657261830 | D4: KOBI | E4: İnşaat | F4: İç Anadolu | G4: PY033 | H4: Yüksek | I4: 0.97042083 | J4: =I4/'Yöntem'!$C$6 | K4: 3963277 | L4: =I4*K4 | M4: KKB notu: normali 1549, şimdi 1237 | N4: Karşılıksız çek: normali 0, şimdi 1 | O4: 1 hafta içinde ilişki yöneticisi ziyareti; limit artışı dondurulur; teminat gözden geçirilir | P4: 46234
A5: 4 | B5: Müşteri 0198 A.Ş. | C5: 9246120977 | D5: Kurumsal | E5: Toptan ve perakende ticaret | F5: İç Anadolu | G5: PY032 | H5: Yüksek | I5: 0.76625829 | J5: =I5/'Yöntem'!$C$6 | K5: 103680430 | L5: =I5*K5 | M5: KKB notu: normali 1489, şimdi 1319 | N5: Karşılıksız çek: normali 0, şimdi 1 | O5: 1 hafta içinde ilişki yöneticisi ziyareti; limit artışı dondurulur; teminat gözden geçirilir | P5: 46127
A6: 5 | B6: Müşteri 0073 A.Ş. | C6: 9577971496 | D6: KOBI | E6: Ulaştırma ve depolama | F6: Marmara | G6: PY012 | H6: Yüksek | I6: 0.65736034 | J6: =I6/'Yöntem'!$C$6 | K6: 1772763 | L6: =I6*K6 | M6: KKB notu: normali 1396, şimdi 1235 | N6: Çalışılan banka sayısı: normali 2, şimdi 3 | O6: 1 hafta içinde ilişki yöneticisi ziyareti; limit artışı dondurulur; teminat gözden geçirilir | P6: 46077
A7: 6 | B7: Müşteri 0390 A.Ş. | C7: 9371612080 | D7: KOBI | E7: Konaklama ve yiyecek | F7: İç Anadolu | G7: PY032 | H7: Yüksek | I7: 0.58774274 | J7: =I7/'Yöntem'!$C$6 | K7: 4367896 | L7: =I7*K7 | M7: KKB notu: normali 1445, şimdi 1292 | N7: Çalışılan banka sayısı: normali 5, şimdi 6 | O7: 1 hafta içinde ilişki yöneticisi ziyareti; limit artışı dondurulur; teminat gözden geçirilir | P7: 46265
A8: 7 | B8: Müşteri 0280 A.Ş. | C8: 9440981160 | D8: Ticari | E8: Toptan ve perakende ticaret | F8: İç Anadolu | G8: PY101 | H8: Yüksek | I8: 0.58292546 | J8: =I8/'Yöntem'!$C$6 | K8: 9569433 | L8: =I8*K8 | M8: KKB notu: normali 1502, şimdi 1321 | N8: Çalışılan banka sayısı: normali 5, şimdi 6 | O8: 1 hafta içinde ilişki yöneticisi ziyareti; limit artışı dondurulur; teminat gözden geçirilir | P8: 46182
A9: 8 | B9: Müşteri 0498 A.Ş. | C9: 9585576534 | D9: KOBI | E9: Toptan ve perakende ticaret | F9: Ege | G9: PY063 | H9: Orta | I9: 0.2415133 | J9: =I9/'Yöntem'!$C$6 | K9: 0 | L9: =I9*K9 | M9: KKB notu: normali 1496, şimdi 1409 | N9: Çalışılan banka sayısı: normali 4, şimdi 5 | O9: 2 hafta içinde analist incelemesi; yeni limit kararı kredi komitesine | P9: 46290
A10: 9 | B10: Müşteri 0065 A.Ş. | C10: 9275611816 | D10: Ticari | E10: İnşaat | F10: İç Anadolu | G10: PY031 | H10: İzleme | I10: 0.21186856 | J10: =I10/'Yöntem'!$C$6 | K10: 6155443 | L10: =I10*K10 | M10: KKB notu: normali 1265, şimdi 1201 | N10: Çalışılan banka sayısı: normali 6, şimdi 7 | O10: Aylık izleme listesine alınır; bir sonraki KKB sorgusu öne çekilir | P10: 46241
A11: 10 | B11: Müşteri 0045 A.Ş. | C11: 9267156736 | D11: Ticari | E11: İmalat | F11: Akdeniz | G11: PY082 | H11: İzleme | I11: 0.16054763 | J11: =I11/'Yöntem'!$C$6 | K11: 14544040 | L11: =I11*K11 | M11: KKB notu: normali 1444, şimdi 1322 | N11: Çalışılan banka sayısı: normali 5, şimdi 6 | O11: Aylık izleme listesine alınır; bir sonraki KKB sorgusu öne çekilir | P11: 46078
A12: 11 | B12: Müşteri 0329 A.Ş. | C12: 9105758806 | D12: Ticari | E12: İnşaat | F12: Marmara | G12: PY022 | H12: İzleme | I12: 0.15328769 | J12: =I12/'Yöntem'!$C$6 | K12: 0 | L12: =I12*K12 | M12: Çalışılan banka sayısı: normali 4, şimdi 5 | N12: KKB notu: normali 1337, şimdi 1316 | O12: Aylık izleme listesine alınır; bir sonraki KKB sorgusu öne çekilir | P12: 46290
A13: 12 | B13: Müşteri 0466 A.Ş. | C13: 9768900784 | D13: KOBI | E13: Konaklama ve yiyecek | F13: Marmara | G13: PY002 | H13: İzleme | I13: 0.15305508 | J13: =I13/'Yöntem'!$C$6 | K13: 0 | L13: =I13*K13 | M13: KKB notu: normali 1268, şimdi 1218 | N13: Çalışılan banka sayısı: normali 6, şimdi 7 | O13: Aylık izleme listesine alınır; bir sonraki KKB sorgusu öne çekilir | P13: 46216

Sheet Zaten Gecikmede
A1: Sıra | B1: Müşteri | C1: VKN | D1: Segment | E1: Sektör | F1: Bölge | G1: Portföy Yön. | H1: Durum | I1: Bizim risk (TL) | J1: Son KKB sorgusu
A2: 1 | B2: Müşteri 0325 A.Ş. | C2: 9861370355 | D2: Kurumsal | E2: Konaklama ve yiyecek | F2: İç Anadolu | G2: PY033 | H2: Gecikmede | I2: 765838799 | J2: 46290
A3: 2 | B3: Müşteri 0252 A.Ş. | C3: 9161259812 | D3: Kurumsal | E3: Mesleki ve teknik faaliyetler | F3: Ege | G3: PY052 | H3: Takipte | I3: 215804074 | J3: 46272
A4: 3 | B4: Müşteri 0241 A.Ş. | C4: 9303680074 | D4: Kurumsal | E4: Konaklama ve yiyecek | F4: İç Anadolu | G4: PY033 | H4: Gecikmede | I4: 160397935 | J4: 46265
A5: 4 | B5: Müşteri 0452 A.Ş. | C5: 9633650607 | D5: Kurumsal | E5: İmalat | F5: Marmara | G5: PY002 | H5: Gecikmede | I5: 136113802 | J5: 46157
A6: 5 | B6: Müşteri 0441 A.Ş. | C6: 9473402071 | D6: Kurumsal | E6: Toptan ve perakende ticaret | F6: Marmara | G6: PY002 | H6: Gecikmede | I6: 131612907 | J6: 46290
A7: 6 | B7: Müşteri 0116 A.Ş. | C7: 9220836521 | D7: Kurumsal | E7: Mesleki ve teknik faaliyetler | F7: Marmara | G7: PY002 | H7: Gecikmede | I7: 93529419 | J7: 46136
A8: 7 | B8: Müşteri 0019 A.Ş. | C8: 9577757216 | D8: Kurumsal | E8: Ulaştırma ve depolama | F8: Ege | G8: PY052 | H8: Gecikmede | I8: 61711550 | J8: 46225
A9: 8 | B9: Müşteri 0181 A.Ş. | C9: 9388765066 | D9: Ticari | E9: Konaklama ve yiyecek | F9: Marmara | G9: PY011 | H9: Gecikmede | I9: 52599495 | J9: 46199
A10: 9 | B10: Müşteri 0167 A.Ş. | C10: 9164665301 | D10: Kurumsal | E10: Toptan ve perakende ticaret | F10: İç Anadolu | G10: PY032 | H10: Gecikmede | I10: 45743615 | J10: 46227
A11: 10 | B11: Müşteri 0397 A.Ş. | C11: 9837692397 | D11: Ticari | E11: Ulaştırma ve depolama | F11: Marmara | G11: PY023 | H11: Gecikmede | I11: 32540928 | J11: 46220
A12: 11 | B12: Müşteri 0502 A.Ş. | C12: 9275877629 | D12: Ticari | E12: İmalat | F12: Akdeniz | G12: PY081 | H12: Gecikmede | I12: 23384909 | J12: 46266
A13: 12 | B13: Müşteri 0406 A.Ş. | C13: 9736804248 | D13: Ticari | E13: Toptan ve perakende ticaret | F13: Akdeniz | G13: PY072 | H13: Takipte | I13: 21087809 | J13: 46290
... A38: 37 | B38: Müşteri 0182 A.Ş. | C38: 9618130408 | D38: KOBI | E38: Konaklama ve yiyecek | F38: Marmara | G38: PY003 | H38: Gecikmede | I38: 1721538 | J38: 46171

Sheet Yöntem
B1: Yöntem ve doğrulama
B3: Model sonuçları (zamana göre ayrılmış test)
B4: Eğitim dönemi gözlem sayısı | C4: 355 | D4: 01.04.2026 öncesi sorgular
B5: Test dönemi gözlem sayısı | C5: 340 | D5: 01.04.2026 ve sonrası
B6: Portföy ortalaması olumsuz sonuç oranı | C6: 0.046043165 | D6: Tüm eğitim verisinde 12 ay içinde gecikme/takibe düşenlerin oranı; 'kaç katı' sütununun paydası
B7: Testte en riskli %10'un olumsuz sonuç oranı | C7: 0.29411765
B8: Kaldıraç (en riskli %10 / test ortalaması) | C8: 10
B9: Testteki olumsuz sonuçların en riskli %10'da yakalanan payı | C9: 1
B10: Ayırma gücü (AUC, 0,5 = rastgele, 1 = mükemmel) | C10: 0.99454545
B12: Sinyallerin etkisi (standartlaştırılmış ağırlık; büyük = daha etkili)
B13: Limit doluluğunun mevcut seviyesi (yüksekse risk artar) | C13: 0.65216259
B14: KKB notu müşterinin normaline göre düştü | C14: 0.50424103
B15: KKB notunun mevcut seviyesi (yüksekse risk azalır) | C15: -0.428848
B16: Karşılıksız çek ortaya çıktı | C16: 0.25749112
B17: Çalışılan banka sayısı müşterinin normaline göre arttı | C17: 0.18855756
B18: Bankaların toplam limiti kısıldı | C18: 0.00053250199
B20: Adımlar
B21: 1. Her sorguda müşterinin o güne kadarki sorgularının medyanı 'normal' kabul edildi.
B22: 2. Bugünkü değer normalle karşılaştırıldı; yalnızca olumsuz yöndeki sapmalar sayıldı (doluluk artışı, not düşüşü, banka sayısı artışı, limit kısılması, karşılıksız çek...).
B23: 3. Geçmiş sorgularda hangi sapma desenlerinin sonraki 12 ayda gecikme veya takiple sonuçlandığı lojistik regresyonla öğrenildi. Olumsuz sapmalar yalnızca riski artırabilecek şekilde kısıtlandı.
B24: 4. Model, geçmiş dönemle eğitilip sonraki dönemde test edildi (yukarıdaki tablo).
B25: 5. Şu an gecikmede olmayan müşteriler son sorgularına göre puanlandı; ortalamanın belirgin üzerinde olanlar listeye alındı.
B27: Dikkat
B28: • Bu dosyadaki veriler sentetiktir. Sentetik veride bozulma deseni net olduğu için test sonuçları gerçekte beklenenden yüksektir; gerçek veride performans ayrıca ölçülmelidir.
B29: • Liste bir karar değil, bakış önceliğidir. Kredi kararı analistte kalır.
B30: • Gerçek müşteri listesi paylaşılırken KVKK ve KKB kullanım koşullarına uyulmalı, yalnızca yetkili kişilerle paylaşılmalıdır.
